OrderDate,StockDate,OrderNumber,ProductKey,CustomerKey,TerritoryKey,OrderLineItem,OrderQuantity
1/1/2016,10/17/2002,SO48797,385,14335,1,1,1
1/1/2016,9/30/2002,SO48802,383,24923,9,1,1
1/1/2016,11/29/2002,SO48801,326,15493,1,1,1
1/1/2016,11/16/2002,SO48799,352,26708,4,1,1
1/1/2016,12/16/2002,SO48798,369,23332,9,1,1
1/1/2016,12/2/2002,SO48800,342,15491,5,1,1
1/1/2016,10/19/2002,SO48795,375,16538,8,1,1
1/1/2016,11/23/2002,SO48796,375,15094,7,1,1
1/2/2016,12/1/2002,SO48804,356,12276,8,1,1
1/2/2016,9/12/2002,SO48814,360,13647,9,1,1
1/2/2016,10/30/2002,SO48812,356,13630,9,1,1
1/2/2016,9/15/2002,SO48803,383,19416,10,1,1
1/2/2016,11/23/2002,SO48809,369,23411,9,1,1
1/2/2016,10/27/2002,SO48807,324,20892,10,1,1
1/2/2016,10/10/2002,SO48805,330,19318,7,1,1
1/2/2016,12/11/2002,SO48808,368,16552,8,1,1
1/2/2016,10/18/2002,SO48813,362,13631,9,1,1
1/2/2016,10/22/2002,SO48810,369,23415,9,1,1
1/2/2016,11/30/2002,SO48806,340,20885,10,1,1
1/2/2016,10/6/2002,SO48811,334,15517,4,1,1
1/3/2016,9/6/2002,SO48819,352,13622,9,1,1
1/3/2016,10/29/2002,SO48817,373,26049,6,1,1
1/3/2016,12/4/2002,SO48820,358,13958,9,1,1
1/3/2016,9/10/2002,SO48815,377,17700,10,1,1
1/3/2016,10/11/2002,SO48818,332,15497,4,1,1
1/3/2016,11/15/2002,SO48821,379,23344,9,1,1
1/3/2016,12/16/2002,SO48816,356,12459,10,1,1
1/4/2016,9/15/2002,SO48827,360,26729,1,1,1
1/4/2016,10/25/2002,SO48825,373,23414,9,1,1
1/4/2016,10/2/2002,SO48829,368,23121,9,1,1
1/4/2016,12/6/2002,SO48822,379,17743,10,1,1
1/4/2016,11/30/2002,SO48824,369,23408,9,1,1
1/4/2016,10/27/2002,SO48828,369,23120,9,1,1
1/4/2016,12/13/2002,SO48823,369,16821,8,1,1
1/4/2016,9/15/2002,SO48826,369,23421,9,1,1
1/5/2016,11/2/2002,SO48835,360,21148,6,1,1
1/5/2016,12/15/2002,SO48832,373,23418,9,1,1
1/5/2016,11/1/2002,SO48831,326,20886,10,1,1
1/5/2016,9/11/2002,SO48836,360,13959,9,1,1
1/5/2016,11/3/2002,SO48834,352,26695,4,1,1
1/5/2016,11/5/2002,SO48833,373,23118,9,1,1
1/5/2016,10/24/2002,SO48830,371,17750,10,1,1
1/6/2016,9/17/2002,SO48838,373,23409,9,1,1
1/6/2016,11/19/2002,SO48837,371,23311,9,1,1
1/7/2016,12/15/2002,SO48841,381,17716,7,1,1
1/7/2016,9/9/2002,SO48845,362,13620,9,1,1
1/7/2016,11/18/2002,SO48843,324,15489,1,1,1
1/7/2016,10/26/2002,SO48839,368,16567,8,1,1
1/7/2016,10/29/2002,SO48847,383,14336,1,1,1
1/7/2016,11/12/2002,SO48844,338,15492,1,1,1
1/7/2016,10/24/2002,SO48846,360,13651,9,1,1
1/7/2016,12/14/2002,SO48840,369,17753,10,1,1
1/7/2016,10/16/2002,SO48842,352,12463,10,1,1
1/8/2016,11/24/2002,SO48855,354,13955,9,1,1
1/8/2016,11/8/2002,SO48857,342,26652,9,1,1
1/8/2016,11/30/2002,SO48852,324,15503,1,1,1
1/8/2016,10/3/2002,SO48851,354,26717,1,1,1
1/8/2016,9/17/2002,SO48853,336,15520,4,1,1
1/8/2016,12/9/2002,SO48856,358,13967,9,1,1
1/8/2016,9/24/2002,SO48849,360,28904,7,1,1
1/8/2016,9/21/2002,SO48854,354,13643,9,1,1
1/8/2016,11/29/2002,SO48850,352,29361,7,1,1
1/8/2016,9/29/2002,SO48848,383,19424,10,1,1
1/9/2016,12/4/2002,SO48862,352,26805,4,1,1
1/9/2016,9/28/2002,SO48858,368,15455,7,1,1
1/9/2016,12/22/2002,SO48864,356,13964,9,1,1
1/9/2016,10/23/2002,SO48860,375,13849,1,1,1
1/9/2016,11/20/2002,SO48863,352,26718,4,1,1
1/9/2016,12/15/2002,SO48865,381,24924,9,1,1
1/9/2016,9/21/2002,SO48859,373,16603,8,1,1
1/9/2016,10/8/2002,SO48861,352,26786,4,1,1
1/9/2016,12/11/2002,SO48866,362,13527,9,1,1
1/10/2016,12/5/2002,SO48871,360,20736,6,1,1
1/10/2016,11/8/2002,SO48869,371,23314,9,1,1
1/10/2016,11/29/2002,SO48868,338,19320,7,1,1
1/10/2016,12/19/2002,SO48870,371,23316,9,1,1
1/10/2016,10/7/2002,SO48876,334,26588,9,1,1
1/10/2016,11/4/2002,SO48872,334,15483,4,1,1
1/10/2016,11/13/2002,SO48867,373,15451,7,1,1
1/10/2016,12/26/2002,SO48877,328,26657,9,1,1
1/10/2016,10/21/2002,SO48875,381,24922,9,1,1
1/10/2016,11/13/2002,SO48874,360,13970,9,1,1
1/11/2016,12/19/2002,SO48883,356,13528,9,1,1
1/11/2016,11/7/2002,SO48884,389,24921,9,1,1
1/11/2016,10/19/2002,SO48881,371,23324,9,1,1
1/11/2016,12/21/2002,SO48880,368,13746,4,1,1
1/11/2016,10/16/2002,SO48879,362,12526,10,1,1
1/11/2016,12/12/2002,SO48878,375,17715,10,1,1
1/11/2016,11/20/2002,SO48882,362,26801,4,1,1
1/12/2016,12/12/2002,SO48888,328,15482,4,1,1
1/12/2016,11/2/2002,SO48890,358,13618,9,1,1
1/12/2016,10/19/2002,SO48891,360,13650,9,1,1
1/12/2016,11/19/2002,SO48889,362,26711,4,1,1
1/12/2016,11/29/2002,SO48887,356,26811,4,1,1
1/12/2016,10/13/2002,SO48886,352,12473,10,1,1
1/12/2016,10/15/2002,SO48885,371,17755,10,1,1
1/13/2016,10/27/2002,SO48899,373,23313,9,1,1
1/13/2016,10/14/2002,SO48902,358,13966,9,1,1
1/13/2016,9/29/2002,SO48898,373,13856,4,1,1
1/13/2016,9/25/2002,SO48896,373,17632,10,1,1
1/13/2016,9/28/2002,SO48903,342,26653,9,1,1
1/13/2016,9/19/2002,SO48901,352,13960,9,1,1
1/13/2016,10/11/2002,SO48893,377,17772,10,1,1
1/13/2016,12/14/2002,SO48900,358,26734,1,1,1
1/13/2016,11/2/2002,SO48895,383,19418,10,1,1
1/13/2016,11/21/2002,SO48894,383,19034,8,1,1
1/13/2016,12/23/2002,SO48892,389,17714,7,1,1
1/13/2016,10/16/2002,SO48897,377,16540,8,1,1
1/14/2016,11/23/2002,SO48905,362,26814,1,1,1
1/14/2016,11/14/2002,SO48904,362,12492,10,1,1
1/14/2016,11/15/2002,SO48906,356,26705,4,1,1
1/14/2016,10/11/2002,SO48908,362,13626,9,1,1
1/14/2016,9/24/2002,SO48907,362,26727,1,1,1
1/14/2016,9/22/2002,SO48909,352,13953,9,1,1
1/15/2016,10/10/2002,SO48916,358,13616,9,1,1
1/15/2016,10/2/2002,SO48913,369,23412,9,1,1
1/15/2016,9/23/2002,SO48919,326,26658,9,1,1
1/15/2016,10/20/2002,SO48918,362,13638,9,1,1
1/15/2016,10/16/2002,SO48914,356,26735,1,1,1
1/15/2016,12/16/2002,SO48911,334,20880,10,1,1
1/15/2016,11/22/2002,SO48915,334,15481,4,1,1
1/15/2016,11/12/2002,SO48917,356,13636,9,1,1
1/15/2016,10/7/2002,SO48912,328,20841,8,1,1
1/15/2016,10/24/2002,SO48910,377,16587,8,1,1
1/16/2016,10/5/2002,SO48920,354,12275,8,1,1
1/16/2016,10/27/2002,SO48924,368,26040,6,1,1
1/16/2016,12/14/2002,SO48926,373,23117,9,1,1
1/16/2016,10/10/2002,SO48925,324,15480,4,1,1
1/16/2016,9/25/2002,SO48922,368,15095,7,1,1
1/16/2016,9/24/2002,SO48923,383,14298,4,1,1
1/16/2016,10/23/2002,SO48929,352,13526,9,1,1
1/16/2016,10/19/2002,SO48930,371,15086,7,1,1
1/16/2016,9/25/2002,SO48921,360,12560,10,1,1
1/16/2016,12/25/2002,SO48928,332,15502,1,1,1
1/16/2016,12/1/2002,SO48927,362,26703,1,1,1
1/17/2016,11/11/2002,SO48933,362,26694,1,1,1
1/17/2016,11/10/2002,SO48934,354,26710,4,1,1
1/17/2016,9/20/2002,SO48931,387,19382,10,1,1
1/17/2016,12/17/2002,SO48936,352,13644,9,1,1
1/17/2016,11/28/2002,SO48932,385,14297,4,1,1
1/17/2016,11/26/2002,SO48937,352,13529,9,1,1
1/17/2016,11/16/2002,SO48935,330,15518,4,1,1
1/18/2016,11/25/2002,SO48943,352,13973,9,1,1
1/18/2016,11/19/2002,SO48938,373,17720,10,1,1
1/18/2016,12/20/2002,SO48942,362,26728,4,1,1
1/18/2016,11/6/2002,SO48944,383,25010,9,1,1
1/18/2016,11/30/2002,SO48940,324,20835,8,1,1
1/18/2016,12/13/2002,SO48939,369,15462,7,1,1
1/18/2016,10/24/2002,SO48941,369,26013,6,1,1
1/19/2016,10/24/2002,SO48949,334,26591,9,1,1
1/19/2016,10/1/2002,SO48946,358,26725,1,1,1
1/19/2016,12/27/2002,SO48947,352,13957,9,1,1
1/19/2016,10/19/2002,SO48945,370,17644,10,1,1
1/19/2016,10/2/2002,SO48948,354,13974,9,1,1
1/20/2016,12/3/2002,SO48951,352,29388,7,1,1
1/20/2016,9/27/2002,SO48955,358,13645,9,1,1
1/20/2016,10/22/2002,SO48952,368,15093,7,1,1
1/20/2016,11/25/2002,SO48950,358,12486,10,1,1
1/20/2016,10/29/2002,SO48956,356,13968,9,1,1
1/20/2016,11/28/2002,SO48953,370,23413,9,1,1
1/20/2016,12/20/2002,SO48954,362,26724,1,1,1
1/21/2016,12/26/2002,SO48961,358,13619,9,1,1
1/21/2016,12/9/2002,SO48960,354,26726,1,1,1
1/21/2016,12/4/2002,SO48959,375,23417,9,1,1
1/21/2016,12/25/2002,SO48962,362,13649,9,1,1
1/21/2016,10/14/2002,SO48957,332,20836,8,1,1
1/21/2016,1/3/2003,SO48958,377,23310,9,1,1
1/21/2016,11/30/2002,SO48963,383,25011,9,1,1
1/22/2016,10/8/2002,SO48973,336,26656,9,1,1
1/22/2016,12/20/2002,SO48968,371,13742,1,1,1
1/22/2016,10/19/2002,SO48966,373,17639,10,1,1
1/22/2016,11/10/2002,SO48967,387,14292,4,1,1
1/22/2016,10/31/2002,SO48970,385,26529,6,1,1
1/22/2016,10/9/2002,SO48971,362,13625,9,1,1
1/22/2016,1/6/2003,SO48972,360,13629,9,1,1
1/22/2016,11/10/2002,SO48969,379,23320,9,1,1
1/22/2016,10/10/2002,SO48965,389,19030,8,1,1
1/22/2016,11/7/2002,SO48964,371,16824,8,1,1
1/23/2016,11/23/2002,SO48984,354,13632,9,1,1
1/23/2016,10/28/2002,SO48975,387,17739,7,1,1
1/23/2016,10/2/2002,SO48986,324,26651,9,1,1
1/23/2016,9/30/2002,SO48974,375,17717,10,1,1
1/23/2016,12/5/2002,SO48978,387,14290,1,1,1
1/23/2016,11/28/2002,SO48983,332,15500,4,1,1
1/23/2016,11/3/2002,SO48987,320,26655,9,1,1
1/23/2016,12/10/2002,SO48976,354,12404,10,1,1
1/23/2016,10/25/2002,SO48982,322,15484,4,1,1
1/23/2016,12/30/2002,SO48979,375,13855,4,1,1
1/23/2016,11/29/2002,SO48985,360,13646,9,1,1
1/23/2016,1/4/2003,SO48981,368,23348,9,1,1
1/23/2016,12/29/2002,SO48977,320,20842,8,1,1
1/23/2016,10/29/2002,SO48980,369,23322,9,1,1
1/24/2016,11/24/2002,SO48992,379,13862,4,1,1
1/24/2016,12/9/2002,SO48993,377,23410,9,1,1
1/24/2016,12/22/2002,SO48988,370,16565,8,1,1
1/24/2016,11/18/2002,SO48990,362,12559,10,1,1
1/24/2016,10/20/2002,SO48994,324,15506,4,1,1
1/24/2016,11/20/2002,SO48991,354,12291,8,1,1
1/24/2016,12/17/2002,SO48989,360,29364,7,1,1
1/25/2016,10/30/2002,SO48998,332,26661,9,1,1
1/25/2016,10/24/2002,SO48995,354,28885,7,1,1
1/25/2016,11/5/2002,SO48997,369,13854,4,1,1
1/25/2016,12/15/2002,SO48996,387,14334,1,1,1
1/26/2016,12/19/2002,SO49002,371,23323,9,1,1
1/26/2016,11/4/2002,SO49005,362,26723,4,1,1
1/26/2016,10/8/2002,SO49000,360,12460,10,1,1
1/26/2016,10/4/2002,SO49006,360,13633,9,1,1
1/26/2016,11/3/2002,SO49008,330,26660,9,1,1
1/26/2016,12/30/2002,SO49004,370,23420,9,1,1
1/26/2016,1/1/2003,SO49001,356,29380,7,1,1
1/26/2016,10/20/2002,SO48999,377,15463,7,1,1
1/26/2016,12/24/2002,SO49003,369,23325,9,1,1
1/27/2016,10/16/2002,SO49011,358,26698,4,1,1
1/27/2016,1/12/2003,SO49009,332,20890,10,1,1
1/27/2016,10/26/2002,SO49010,369,23416,9,1,1
1/28/2016,12/11/2002,SO49013,370,13745,1,1,1
1/28/2016,10/13/2002,SO49015,352,13965,9,1,1
1/28/2016,10/10/2002,SO49016,358,13971,9,1,1
1/28/2016,12/1/2002,SO49014,368,23331,9,1,1
1/28/2016,12/28/2002,SO49012,368,16572,8,1,1
1/29/2016,10/19/2002,SO49021,371,13744,1,1,1
1/29/2016,12/11/2002,SO49019,371,17782,10,1,1
1/29/2016,10/12/2002,SO49017,375,17744,10,1,1
1/29/2016,12/11/2002,SO49018,371,17747,10,1,1
1/29/2016,1/5/2003,SO49022,377,23116,9,1,1
1/29/2016,12/16/2002,SO49023,328,26589,9,1,1
1/29/2016,11/3/2002,SO49024,340,26654,9,1,1
1/29/2016,11/24/2002,SO49020,385,19035,8,1,1
1/30/2016,10/12/2002,SO49028,360,13648,9,1,1
1/30/2016,10/15/2002,SO49025,332,19319,7,1,1
1/30/2016,11/18/2002,SO49030,375,23119,9,1,1
1/30/2016,12/18/2002,SO49027,324,15501,4,1,1
1/30/2016,11/8/2002,SO49026,370,16549,8,1,1
1/30/2016,11/25/2002,SO49029,383,25020,9,1,1
1/31/2016,11/27/2002,SO49033,375,13747,1,1,1
1/31/2016,11/5/2002,SO49035,375,23343,9,1,1
1/31/2016,10/20/2002,SO49037,356,20708,6,1,1
1/31/2016,12/16/2002,SO49036,360,26731,4,1,1
1/31/2016,11/21/2002,SO49034,368,23321,9,1,1
1/31/2016,10/19/2002,SO49038,360,21138,6,1,1
1/31/2016,10/22/2002,SO49032,368,15085,7,1,1
1/31/2016,12/24/2002,SO49031,362,29389,7,1,1
2/1/2016,10/8/2002,SO49177,354,27064,1,1,1
2/1/2016,1/16/2003,SO49178,387,14342,1,1,1
2/1/2016,12/16/2002,SO49172,368,13885,1,1,1
2/1/2016,10/25/2002,SO49179,381,14365,4,1,1
2/1/2016,1/8/2003,SO49174,354,14049,9,1,1
2/1/2016,11/25/2002,SO49173,352,14047,9,1,1
2/1/2016,10/28/2002,SO49175,370,23431,9,1,1
2/1/2016,10/10/2002,SO49171,375,13865,4,1,1
2/1/2016,11/9/2002,SO49180,332,26744,9,1,1
2/1/2016,11/11/2002,SO49176,356,27054,4,1,1
2/2/2016,11/9/2002,SO49183,370,16944,8,1,1
2/2/2016,11/13/2002,SO49182,369,16830,8,1,1
2/2/2016,10/6/2002,SO49186,370,23526,9,1,1
2/2/2016,11/12/2002,SO49185,362,14134,9,1,1
2/2/2016,12/16/2002,SO49181,375,17890,10,1,1
2/2/2016,11/23/2002,SO49188,358,26815,1,1,1
2/2/2016,10/26/2002,SO49187,379,23545,9,1,1
2/2/2016,11/18/2002,SO49189,340,15525,4,1,1
2/2/2016,12/21/2002,SO49184,362,14129,9,1,1
2/2/2016,12/22/2002,SO49190,383,25033,9,1,1
2/3/2016,11/20/2002,SO49195,320,20845,8,1,1
2/3/2016,1/19/2003,SO49191,387,19435,10,1,1
2/3/2016,11/3/2002,SO49194,334,20922,10,1,1
2/3/2016,12/30/2002,SO49192,387,19040,8,1,1
2/3/2016,12/9/2002,SO49199,336,26667,9,1,1
2/3/2016,10/19/2002,SO49196,354,12386,8,1,1
2/3/2016,12/2/2002,SO49198,342,26662,9,1,1
2/3/2016,12/16/2002,SO49197,360,29415,7,1,1
2/3/2016,1/9/2003,SO49193,360,29390,7,1,1
2/4/2016,1/5/2003,SO49206,375,23423,9,1,1
2/4/2016,12/1/2002,SO49208,375,23531,9,1,1
2/4/2016,10/19/2002,SO49213,387,25034,9,1,1
2/4/2016,12/22/2002,SO49202,375,17829,10,1,1
2/4/2016,10/24/2002,SO49200,368,17889,10,1,1
2/4/2016,10/14/2002,SO49214,379,23575,9,1,1
2/4/2016,11/3/2002,SO49209,371,23541,9,1,1
2/4/2016,11/19/2002,SO49201,370,17795,10,1,1
2/4/2016,12/27/2002,SO49207,369,23432,9,1,1
2/4/2016,10/12/2002,SO49215,324,15521,4,1,1
2/4/2016,11/7/2002,SO49203,330,19343,7,1,1
2/4/2016,1/11/2003,SO49204,352,14103,9,1,1
2/4/2016,10/18/2002,SO49212,387,14337,1,1,1
2/4/2016,11/26/2002,SO49211,354,27020,4,1,1
2/4/2016,1/17/2003,SO49216,326,26749,9,1,1
2/4/2016,1/14/2003,SO49205,358,14130,9,1,1
2/4/2016,11/25/2002,SO49210,356,21331,6,1,1
2/5/2016,11/23/2002,SO49220,352,14032,9,1,1
2/5/2016,11/18/2002,SO49221,379,23532,9,1,1
2/5/2016,12/1/2002,SO49218,379,26113,6,1,1
2/5/2016,12/30/2002,SO49222,352,27078,4,1,1
2/5/2016,10/28/2002,SO49223,360,27017,1,1,1
2/5/2016,12/10/2002,SO49219,362,12619,10,1,1
2/5/2016,10/19/2002,SO49217,377,15637,7,1,1
2/5/2016,12/2/2002,SO49224,358,27073,1,1,1
2/6/2016,11/11/2002,SO49226,370,17792,10,1,1
2/6/2016,1/1/2003,SO49233,324,15531,1,1,1
2/6/2016,12/13/2002,SO49228,360,29404,7,1,1
2/6/2016,12/28/2002,SO49229,356,12390,8,1,1
2/6/2016,12/11/2002,SO49235,320,15537,4,1,1
2/6/2016,1/4/2003,SO49236,389,25021,9,1,1
2/6/2016,11/4/2002,SO49225,375,17191,8,1,1
2/6/2016,10/18/2002,SO49232,320,15529,1,1,1
2/6/2016,11/18/2002,SO49238,379,23593,9,1,1
2/6/2016,11/17/2002,SO49237,385,25035,9,1,1
2/6/2016,12/18/2002,SO49231,362,27058,1,1,1
2/6/2016,10/29/2002,SO49227,369,13873,4,1,1
2/6/2016,10/18/2002,SO49234,328,15534,1,1,1
2/6/2016,10/30/2002,SO49230,358,21266,6,1,1
2/7/2016,1/11/2003,SO49245,389,25029,9,1,1
2/7/2016,11/5/2002,SO49246,373,23640,9,1,1
2/7/2016,10/14/2002,SO49244,362,21284,6,1,1
2/7/2016,1/9/2003,SO49240,352,14058,9,1,1
2/7/2016,12/8/2002,SO49243,358,27074,1,1,1
2/7/2016,1/6/2003,SO49239,354,14011,9,1,1
2/7/2016,10/15/2002,SO49242,368,23524,9,1,1
2/7/2016,1/9/2003,SO49241,354,14065,9,1,1
2/8/2016,12/21/2002,SO49257,320,26746,9,1,1
2/8/2016,11/27/2002,SO49252,352,12378,8,1,1
2/8/2016,11/14/2002,SO49254,358,14216,9,1,1
2/8/2016,11/16/2002,SO49253,360,14211,9,1,1
2/8/2016,11/10/2002,SO49248,387,17766,7,1,1
2/8/2016,1/5/2003,SO49250,342,19323,7,1,1
2/8/2016,12/5/2002,SO49255,326,15523,1,1,1
2/8/2016,1/6/2003,SO49247,369,17793,10,1,1
2/8/2016,1/23/2003,SO49256,354,13997,9,1,1
2/8/2016,12/25/2002,SO49251,377,13871,4,1,1
2/8/2016,10/20/2002,SO49249,385,17767,7,1,1
2/9/2016,12/15/2002,SO49260,362,12608,10,1,1
2/9/2016,12/15/2002,SO49262,332,19335,7,1,1
2/9/2016,10/12/2002,SO49264,356,14046,9,1,1
2/9/2016,11/14/2002,SO49263,342,20843,8,1,1
2/9/2016,1/23/2003,SO49261,360,12609,10,1,1
2/9/2016,12/13/2002,SO49268,356,27056,4,1,1
2/9/2016,10/19/2002,SO49265,356,14050,9,1,1
2/9/2016,10/27/2002,SO49266,362,14051,9,1,1
2/9/2016,12/17/2002,SO49258,368,17828,10,1,1
2/9/2016,1/22/2003,SO49259,360,29397,7,1,1
2/10/2016,10/14/2002,SO49272,362,14055,9,1,1
2/10/2016,12/18/2002,SO49275,368,23645,9,1,1
2/10/2016,1/18/2003,SO49269,373,13884,1,1,1
2/10/2016,11/7/2002,SO49271,354,12630,10,1,1
2/10/2016,11/19/2002,SO49270,352,29412,7,1,1
2/11/2016,12/2/2002,SO49278,358,14038,9,1,1
2/11/2016,11/3/2002,SO49277,352,12615,10,1,1
2/11/2016,1/14/2003,SO49279,362,14045,9,1,1
2/11/2016,1/3/2003,SO49276,379,17849,10,1,1
2/12/2016,12/19/2002,SO49286,352,27050,1,1,1
2/12/2016,12/30/2002,SO49288,354,13994,9,1,1
2/12/2016,1/2/2003,SO49283,352,14220,9,1,1
2/12/2016,11/7/2002,SO49287,356,14007,9,1,1
2/12/2016,1/7/2003,SO49282,362,14133,9,1,1
2/12/2016,10/21/2002,SO49285,356,27077,4,1,1
2/12/2016,1/3/2003,SO49280,368,17815,10,1,1
2/12/2016,10/16/2002,SO49289,330,26748,9,1,1
2/12/2016,10/26/2002,SO49281,342,19324,7,1,1
2/12/2016,10/27/2002,SO49284,375,23436,9,1,1
2/13/2016,1/8/2003,SO49291,387,19433,10,1,1
2/13/2016,11/11/2002,SO49295,362,12388,8,1,1
2/13/2016,12/22/2002,SO49293,358,12297,8,1,1
2/13/2016,11/18/2002,SO49290,369,16940,8,1,1
2/13/2016,12/14/2002,SO49298,356,14210,9,1,1
2/13/2016,1/12/2003,SO49292,389,19038,8,1,1
2/13/2016,11/5/2002,SO49297,358,14127,9,1,1
2/13/2016,12/22/2002,SO49299,377,23533,9,1,1
2/13/2016,11/23/2002,SO49300,383,14362,1,1,1
2/13/2016,10/26/2002,SO49296,356,14010,9,1,1
2/14/2016,1/18/2003,SO49302,371,15651,7,1,1
2/14/2016,1/26/2003,SO49311,334,26743,9,1,1
2/14/2016,12/18/2002,SO49303,377,17103,8,1,1
2/14/2016,10/28/2002,SO49308,352,14128,9,1,1
2/14/2016,12/13/2002,SO49307,358,14071,9,1,1
2/14/2016,10/20/2002,SO49304,381,19437,10,1,1
2/14/2016,11/1/2002,SO49301,377,15665,7,1,1
2/14/2016,11/28/2002,SO49309,381,14364,4,1,1
2/14/2016,11/27/2002,SO49310,336,15527,4,1,1
2/14/2016,12/1/2002,SO49305,371,13866,4,1,1
2/15/2016,1/6/2003,SO49322,328,26747,9,1,1
2/15/2016,1/4/2003,SO49318,332,27267,6,1,1
2/15/2016,1/24/2003,SO49317,381,14355,1,1,1
2/15/2016,12/25/2002,SO49320,373,23649,9,1,1
2/15/2016,10/19/2002,SO49313,358,14039,9,1,1
2/15/2016,10/26/2002,SO49319,387,25022,9,1,1
2/15/2016,1/28/2003,SO49316,379,23433,9,1,1
2/15/2016,10/19/2002,SO49314,362,14214,9,1,1
2/15/2016,10/22/2002,SO49315,362,14215,9,1,1
2/15/2016,11/16/2002,SO49321,356,27063,1,1,1
2/15/2016,12/25/2002,SO49312,369,17086,8,1,1
2/16/2016,11/13/2002,SO49325,356,14219,9,1,1
2/16/2016,11/1/2002,SO49326,360,21305,6,1,1
2/16/2016,11/6/2002,SO49324,352,12461,8,1,1
2/16/2016,1/6/2003,SO49323,362,12612,10,1,1
2/17/2016,1/30/2003,SO49338,369,23571,9,1,1
2/17/2016,11/14/2002,SO49334,360,14132,9,1,1
2/17/2016,1/21/2003,SO49328,373,17812,10,1,1
2/17/2016,12/11/2002,SO49327,369,17790,10,1,1
2/17/2016,12/28/2002,SO49331,358,12384,8,1,1
2/17/2016,12/15/2002,SO49337,362,27068,4,1,1
2/17/2016,1/27/2003,SO49335,375,23429,9,1,1
2/17/2016,11/3/2002,SO49330,354,12314,8,1,1
2/17/2016,12/23/2002,SO49333,354,14102,9,1,1
2/17/2016,11/30/2002,SO49332,352,14063,9,1,1
2/17/2016,1/12/2003,SO49329,387,17754,7,1,1
2/17/2016,1/31/2003,SO49336,377,23523,9,1,1
2/18/2016,11/25/2002,SO49349,360,27045,1,1,1
2/18/2016,1/17/2003,SO49351,328,26673,9,1,1
2/18/2016,12/10/2002,SO49350,330,15547,4,1,1
2/18/2016,11/22/2002,SO49347,369,23539,9,1,1
2/18/2016,12/8/2002,SO49348,369,23547,9,1,1
2/18/2016,1/2/2003,SO49341,381,17756,7,1,1
2/18/2016,1/16/2003,SO49342,356,12599,10,1,1
2/18/2016,1/1/2003,SO49346,362,14218,9,1,1
2/18/2016,12/31/2002,SO49343,356,14033,9,1,1
2/18/2016,10/28/2002,SO49345,362,14070,9,1,1
2/18/2016,1/10/2003,SO49339,368,17183,8,1,1
2/18/2016,10/24/2002,SO49340,375,15624,7,1,1
2/18/2016,12/29/2002,SO49344,352,14048,9,1,1
2/19/2016,12/19/2002,SO49354,373,13883,4,1,1
2/19/2016,1/15/2003,SO49353,324,20931,10,1,1
2/19/2016,1/27/2003,SO49356,369,23540,9,1,1
2/19/2016,1/3/2003,SO49358,356,27076,4,1,1
2/19/2016,10/22/2002,SO49360,358,27069,4,1,1
2/19/2016,10/23/2002,SO49357,377,23542,9,1,1
2/19/2016,1/13/2003,SO49361,373,15663,7,1,1
2/19/2016,11/28/2002,SO49352,375,17082,8,1,1
2/19/2016,1/12/2003,SO49355,362,14031,9,1,1
2/19/2016,11/29/2002,SO49359,385,14343,1,1,1
2/20/2016,10/24/2002,SO49370,379,23574,9,1,1
2/20/2016,11/6/2002,SO49371,328,26663,9,1,1
2/20/2016,11/12/2002,SO49366,377,23546,9,1,1
2/20/2016,12/19/2002,SO49364,379,23434,9,1,1
2/20/2016,11/4/2002,SO49365,368,23529,9,1,1
2/20/2016,12/2/2002,SO49368,324,15528,1,1,1
2/20/2016,11/22/2002,SO49363,360,14062,9,1,1
2/20/2016,11/18/2002,SO49362,358,12622,10,1,1
2/20/2016,11/8/2002,SO49369,342,15552,1,1,1
2/20/2016,11/24/2002,SO49367,362,27047,1,1,1
2/21/2016,2/6/2003,SO49380,336,15542,4,1,1
2/21/2016,11/20/2002,SO49372,369,15666,7,1,1
2/21/2016,1/5/2003,SO49378,360,27051,4,1,1
2/21/2016,2/3/2003,SO49373,383,17752,7,1,1
2/21/2016,12/25/2002,SO49381,332,15553,4,1,1
2/21/2016,11/26/2002,SO49379,360,27067,4,1,1
2/21/2016,12/13/2002,SO49382,383,25030,9,1,1
2/21/2016,11/22/2002,SO49374,332,20933,10,1,1
2/21/2016,11/25/2002,SO49384,354,29414,7,1,1
2/21/2016,12/8/2002,SO49383,383,25032,9,1,1
2/21/2016,12/14/2002,SO49375,354,12330,8,1,1
2/21/2016,12/22/2002,SO49377,371,23435,9,1,1
2/21/2016,12/24/2002,SO49376,354,14125,9,1,1
2/22/2016,10/29/2002,SO49391,379,13877,4,1,1
2/22/2016,11/21/2002,SO49393,375,23422,9,1,1
2/22/2016,12/21/2002,SO49388,356,12298,8,1,1
2/22/2016,11/26/2002,SO49394,379,23525,9,1,1
2/22/2016,12/2/2002,SO49395,369,23572,9,1,1
2/22/2016,12/13/2002,SO49387,369,17114,8,1,1
2/22/2016,12/19/2002,SO49389,334,20975,10,1,1
2/22/2016,1/18/2003,SO49390,334,19326,7,1,1
2/22/2016,12/10/2002,SO49392,362,14066,9,1,1
2/22/2016,11/23/2002,SO49385,375,17803,10,1,1
2/22/2016,1/3/2003,SO49386,373,17093,8,1,1
2/23/2016,1/2/2003,SO49396,370,23538,9,1,1
2/23/2016,11/26/2002,SO49397,320,15551,1,1,1
2/23/2016,12/10/2002,SO49398,330,26745,9,1,1
2/24/2016,11/29/2002,SO49405,360,21332,6,1,1
2/24/2016,1/15/2003,SO49407,389,14356,4,1,1
2/24/2016,1/31/2003,SO49401,369,17813,10,1,1
2/24/2016,12/19/2002,SO49409,358,13975,9,1,1
2/24/2016,11/12/2002,SO49408,322,15535,4,1,1
2/24/2016,11/12/2002,SO49402,352,12302,8,1,1
2/24/2016,12/12/2002,SO49404,377,23425,9,1,1
2/24/2016,11/16/2002,SO49399,338,15540,4,1,1
2/24/2016,12/22/2002,SO49403,362,12397,8,1,1
2/24/2016,1/15/2003,SO49400,373,17794,10,1,1
2/24/2016,12/1/2002,SO49406,354,27021,4,1,1
2/25/2016,10/31/2002,SO49419,368,23534,9,1,1
2/25/2016,1/26/2003,SO49423,330,26666,9,1,1
2/25/2016,2/7/2003,SO49424,342,26740,9,1,1
2/25/2016,12/1/2002,SO49410,369,17184,8,1,1
2/25/2016,10/29/2002,SO49417,362,12623,10,1,1
2/25/2016,12/28/2002,SO49421,379,23573,9,1,1
2/25/2016,1/12/2003,SO49422,370,23648,9,1,1
2/25/2016,12/6/2002,SO49418,352,14030,9,1,1
2/25/2016,12/7/2002,SO49415,370,17107,8,1,1
2/25/2016,12/4/2002,SO49412,373,16826,8,1,1
2/25/2016,12/17/2002,SO49413,369,17798,10,1,1
2/25/2016,1/18/2003,SO49414,368,17096,8,1,1
2/25/2016,1/13/2003,SO49420,389,14354,4,1,1
2/25/2016,1/22/2003,SO49411,368,15676,7,1,1
2/25/2016,11/7/2002,SO49416,340,20917,10,1,1
2/26/2016,2/11/2003,SO49429,360,14012,9,1,1
2/26/2016,1/25/2003,SO49428,368,13870,1,1,1
2/26/2016,1/4/2003,SO49430,326,15538,4,1,1
2/26/2016,11/7/2002,SO49426,322,20921,10,1,1
2/26/2016,11/11/2002,SO49425,369,15623,7,1,1
2/26/2016,12/3/2002,SO49431,332,15548,4,1,1
2/26/2016,12/27/2002,SO49427,338,19338,7,1,1
2/27/2016,12/29/2002,SO49434,381,14357,4,1,1
2/27/2016,12/29/2002,SO49433,373,23544,9,1,1
2/27/2016,12/31/2002,SO49432,373,17841,10,1,1
2/28/2016,12/6/2002,SO49441,358,27044,4,1,1
2/28/2016,2/11/2003,SO49440,360,14101,9,1,1
2/28/2016,11/9/2002,SO49435,377,17181,8,1,1
2/28/2016,12/21/2002,SO49438,356,14020,9,1,1
2/28/2016,12/28/2002,SO49436,322,20847,8,1,1
2/28/2016,1/4/2003,SO49442,334,15532,4,1,1
2/28/2016,1/16/2003,SO49437,330,19336,7,1,1
2/28/2016,11/30/2002,SO49439,356,14064,9,1,1
3/1/2016,2/8/2003,SO49549,381,19440,10,1,1
3/1/2016,2/3/2003,SO49553,354,14302,9,1,1
3/1/2016,2/4/2003,SO49551,332,21040,10,1,1
3/1/2016,1/8/2003,SO49552,358,12647,10,1,1
3/1/2016,12/5/2002,SO49554,336,15739,4,1,1
3/1/2016,1/12/2003,SO49556,338,26752,9,1,1
3/1/2016,11/14/2002,SO49555,387,25036,9,1,1
3/1/2016,2/12/2003,SO49557,334,26753,9,1,1
3/2/2016,11/6/2002,SO49558,332,19366,7,1,1
3/2/2016,1/1/2003,SO49565,356,21501,6,1,1
3/2/2016,11/29/2002,SO49567,356,12634,10,1,1
3/2/2016,1/18/2003,SO49562,354,14234,9,1,1
3/2/2016,12/5/2002,SO49563,354,27087,4,1,1
3/2/2016,12/11/2002,SO49566,332,15565,1,1,1
3/2/2016,12/25/2002,SO49559,369,26115,6,1,1
3/2/2016,11/15/2002,SO49560,375,13892,1,1,1
3/2/2016,1/28/2003,SO49561,358,14681,9,1,1
3/2/2016,2/2/2003,SO49568,375,24003,9,1,1
3/3/2016,1/28/2003,SO49572,352,27107,4,1,1
3/3/2016,11/30/2002,SO49573,371,24009,9,1,1
3/3/2016,1/25/2003,SO49574,320,26764,9,1,1
3/3/2016,11/9/2002,SO49569,371,16262,7,1,1
3/3/2016,2/2/2003,SO49571,358,14345,9,1,1
3/3/2016,12/9/2002,SO49570,358,14316,9,1,1
3/4/2016,1/16/2003,SO49580,358,14225,9,1,1
3/4/2016,2/17/2003,SO49578,389,19057,8,1,1
3/4/2016,1/17/2003,SO49576,379,17761,8,1,1
3/4/2016,1/29/2003,SO49577,377,17762,8,1,1
3/4/2016,1/29/2003,SO49575,370,15923,7,1,1
3/4/2016,12/26/2002,SO49579,358,14322,9,1,1
3/5/2016,11/16/2002,SO49590,360,21348,6,1,1
3/5/2016,1/14/2003,SO49593,326,15561,1,1,1
3/5/2016,1/13/2003,SO49597,368,24001,9,1,1
3/5/2016,11/29/2002,SO49596,379,23653,9,1,1
3/5/2016,11/22/2002,SO49582,377,17220,8,1,1
3/5/2016,2/5/2003,SO49592,326,15558,1,1,1
3/5/2016,1/7/2003,SO49581,369,17937,10,1,1
3/5/2016,1/24/2003,SO49588,354,14226,9,1,1
3/5/2016,2/15/2003,SO49594,379,24005,9,1,1
3/5/2016,11/14/2002,SO49586,352,12500,8,1,1
3/5/2016,1/27/2003,SO49591,352,27092,4,1,1
3/5/2016,11/26/2002,SO49595,383,25107,9,1,1
3/5/2016,12/7/2002,SO49589,362,14263,9,1,1
3/5/2016,1/31/2003,SO49585,362,12644,10,1,1
3/5/2016,11/18/2002,SO49584,368,13894,1,1,1
3/5/2016,12/23/2002,SO49587,356,14301,9,1,1
3/5/2016,2/7/2003,SO49583,377,16203,7,1,1
3/6/2016,11/13/2002,SO49600,381,14381,1,1,1
3/6/2016,2/14/2003,SO49602,330,15737,1,1,1
3/6/2016,11/23/2002,SO49598,375,15710,7,1,1
3/6/2016,12/29/2002,SO49601,389,14382,4,1,1
3/6/2016,12/24/2002,SO49599,368,15921,7,1,1
3/6/2016,2/9/2003,SO49603,368,23655,9,1,1
3/7/2016,12/18/2002,SO49609,387,14367,1,1,1
3/7/2016,12/2/2002,SO49606,336,21034,10,1,1
3/7/2016,11/19/2002,SO49612,338,21039,10,1,1
3/7/2016,1/20/2003,SO49608,356,14262,9,1,1
3/7/2016,11/15/2002,SO49607,352,12475,8,1,1
3/7/2016,1/30/2003,SO49605,381,19065,8,1,1
3/7/2016,1/30/2003,SO49604,370,17221,8,1,1
3/7/2016,1/28/2003,SO49610,358,27105,4,1,1
3/7/2016,12/25/2002,SO49611,342,15554,4,1,1
3/8/2016,12/22/2002,SO49621,352,14348,9,1,1
3/8/2016,12/22/2002,SO49614,342,20982,10,1,1
3/8/2016,2/1/2003,SO49626,377,23998,9,1,1
3/8/2016,1/2/2003,SO49618,352,14306,9,1,1
3/8/2016,2/2/2003,SO49625,381,25053,9,1,1
3/8/2016,1/29/2003,SO49613,375,16052,7,1,1
3/8/2016,12/29/2002,SO49619,362,14324,9,1,1
3/8/2016,1/19/2003,SO49620,356,14326,9,1,1
3/8/2016,1/8/2003,SO49622,352,14668,9,1,1
3/8/2016,12/17/2002,SO49615,326,21020,10,1,1
3/8/2016,11/20/2002,SO49616,352,12479,8,1,1
3/8/2016,1/30/2003,SO49624,381,25051,9,1,1
3/8/2016,12/23/2002,SO49617,358,29479,7,1,1
3/8/2016,1/9/2003,SO49623,356,27088,1,1,1
3/9/2016,1/14/2003,SO49631,354,14260,9,1,1
3/9/2016,12/11/2002,SO49627,358,14230,9,1,1
3/9/2016,1/27/2003,SO49630,375,23651,9,1,1
3/9/2016,2/14/2003,SO49629,324,15557,4,1,1
3/9/2016,2/10/2003,SO49628,362,27104,4,1,1
3/10/2016,1/8/2003,SO49636,369,23665,9,1,1
3/10/2016,1/14/2003,SO49633,373,26202,6,1,1
3/10/2016,11/13/2002,SO49635,356,27097,1,1,1
3/10/2016,12/27/2002,SO49632,334,20860,8,1,1
3/10/2016,12/11/2002,SO49634,360,14279,9,1,1
3/11/2016,1/9/2003,SO49639,328,19386,7,1,1
3/11/2016,12/15/2002,SO49644,326,26768,9,1,1
3/11/2016,12/18/2002,SO49642,356,14299,9,1,1
3/11/2016,2/9/2003,SO49637,377,17943,10,1,1
3/11/2016,1/18/2003,SO49640,362,12462,8,1,1
3/11/2016,12/29/2002,SO49641,358,14276,9,1,1
3/11/2016,2/3/2003,SO49638,385,19067,8,1,1
3/11/2016,12/9/2002,SO49643,375,24006,9,1,1
3/12/2016,12/5/2002,SO49663,338,26767,9,1,1
3/12/2016,12/3/2002,SO49661,370,23995,9,1,1
3/12/2016,2/25/2003,SO49646,379,15688,7,1,1
3/12/2016,1/12/2003,SO49660,371,23660,9,1,1
3/12/2016,1/19/2003,SO49652,362,14855,9,1,1
3/12/2016,12/30/2002,SO49662,330,26763,9,1,1
3/12/2016,11/18/2002,SO49648,383,19455,10,1,1
3/12/2016,1/12/2003,SO49657,340,15750,4,1,1
3/12/2016,11/16/2002,SO49656,362,27083,1,1,1
3/12/2016,2/13/2003,SO49650,360,12637,10,1,1
3/12/2016,12/22/2002,SO49651,352,14670,9,1,1
3/12/2016,11/25/2002,SO49649,326,21027,10,1,1
3/12/2016,11/27/2002,SO49659,352,21354,6,1,1
3/12/2016,2/2/2003,SO49655,356,27079,4,1,1
3/12/2016,2/20/2003,SO49647,368,17742,8,1,1
3/12/2016,11/15/2002,SO49645,370,15678,7,1,1
3/12/2016,12/7/2002,SO49654,358,14224,9,1,1
3/12/2016,2/24/2003,SO49653,352,15014,9,1,1
3/12/2016,11/24/2002,SO49658,336,15763,1,1,1
3/13/2016,11/15/2002,SO49666,362,14287,9,1,1
3/13/2016,12/23/2002,SO49665,360,29483,7,1,1
3/13/2016,1/5/2003,SO49669,352,27080,4,1,1
3/13/2016,2/8/2003,SO49664,368,17896,10,1,1
3/13/2016,11/25/2002,SO49670,377,23996,9,1,1
3/13/2016,2/5/2003,SO49667,354,14673,9,1,1
3/14/2016,1/28/2003,SO49673,324,21011,10,1,1
3/14/2016,1/27/2003,SO49671,373,17199,8,1,1
3/14/2016,2/20/2003,SO49672,379,16259,7,1,1
3/14/2016,11/16/2002,SO49678,358,27081,4,1,1
3/14/2016,11/23/2002,SO49676,356,12658,10,1,1
3/14/2016,2/11/2003,SO49679,328,26760,9,1,1
3/14/2016,2/3/2003,SO49675,360,11241,7,1,1
3/14/2016,2/4/2003,SO49677,358,14666,9,1,1
3/14/2016,1/7/2003,SO49674,369,13887,4,1,1
3/15/2016,2/4/2003,SO49680,370,17969,10,1,1
3/15/2016,12/30/2002,SO49681,379,13890,1,1,1
3/15/2016,11/30/2002,SO49682,356,21352,6,1,1
3/15/2016,12/28/2002,SO49683,356,27108,4,1,1
3/15/2016,12/22/2002,SO49684,370,24000,9,1,1
3/16/2016,1/8/2003,SO49691,373,23662,9,1,1
3/16/2016,11/28/2002,SO49685,373,17959,10,1,1
3/16/2016,1/20/2003,SO49686,377,16051,7,1,1
3/16/2016,12/23/2002,SO49687,371,16205,7,1,1
3/16/2016,11/22/2002,SO49690,375,24008,9,1,1
3/16/2016,1/19/2003,SO49688,362,12653,10,1,1
3/16/2016,11/28/2002,SO49689,381,14377,1,1,1
3/17/2016,12/1/2002,SO49698,354,21336,6,1,1
3/17/2016,2/8/2003,SO49696,356,14323,9,1,1
3/17/2016,12/22/2002,SO49695,362,12499,8,1,1
3/17/2016,11/21/2002,SO49697,358,14238,9,1,1
3/17/2016,12/21/2002,SO49692,375,17960,10,1,1
3/17/2016,1/15/2003,SO49694,368,17968,10,1,1
3/17/2016,1/14/2003,SO49700,375,23664,9,1,1
3/17/2016,1/17/2003,SO49699,381,25037,9,1,1
3/18/2016,1/20/2003,SO49713,354,21400,6,1,1
3/18/2016,11/23/2002,SO49704,377,17962,10,1,1
3/18/2016,12/26/2002,SO49709,352,14300,9,1,1
3/18/2016,2/5/2003,SO49706,383,17770,7,1,1
3/18/2016,1/17/2003,SO49702,375,15687,7,1,1
3/18/2016,2/17/2003,SO49710,362,14308,9,1,1
3/18/2016,12/6/2002,SO49711,362,14676,9,1,1
3/18/2016,12/20/2002,SO49714,375,23663,9,1,1
3/18/2016,1/31/2003,SO49703,373,15924,7,1,1
3/18/2016,1/28/2003,SO49707,371,13889,1,1,1
3/18/2016,2/18/2003,SO49712,360,27095,4,1,1
3/18/2016,12/29/2002,SO49705,370,15925,7,1,1
3/18/2016,11/19/2002,SO49715,324,26761,9,1,1
3/18/2016,1/24/2003,SO49701,368,17933,10,1,1
3/18/2016,12/5/2002,SO49708,352,12487,8,1,1
3/19/2016,12/15/2002,SO49720,358,12640,10,1,1
3/19/2016,1/12/2003,SO49723,387,14366,1,1,1
3/19/2016,2/24/2003,SO49718,387,19196,8,1,1
3/19/2016,1/9/2003,SO49727,324,26774,9,1,1
3/19/2016,1/30/2003,SO49721,356,12645,10,1,1
3/19/2016,11/30/2002,SO49724,356,27106,4,1,1
3/19/2016,3/2/2003,SO49716,377,17722,8,1,1
3/19/2016,1/19/2003,SO49726,381,25057,9,1,1
3/19/2016,3/1/2003,SO49719,326,20854,8,1,1
3/19/2016,11/27/2002,SO49722,352,14264,9,1,1
3/19/2016,1/12/2003,SO49717,368,16204,7,1,1
3/20/2016,12/30/2002,SO49733,360,14259,9,1,1
3/20/2016,12/30/2002,SO49731,360,29450,7,1,1
3/20/2016,12/25/2002,SO49736,330,15555,4,1,1
3/20/2016,1/27/2003,SO49734,362,27086,1,1,1
3/20/2016,11/24/2002,SO49732,356,14523,9,1,1
3/20/2016,12/14/2002,SO49738,340,26751,9,1,1
3/20/2016,1/3/2003,SO49737,385,25106,9,1,1
3/20/2016,1/30/2003,SO49735,342,15569,1,1,1
3/20/2016,1/2/2003,SO49730,338,21036,10,1,1
3/20/2016,2/4/2003,SO49729,387,19046,8,1,1
3/20/2016,1/5/2003,SO49728,368,17635,8,1,1
3/21/2016,12/28/2002,SO49741,389,14378,4,1,1
3/21/2016,1/8/2003,SO49739,377,13895,1,1,1
3/21/2016,1/1/2003,SO49740,354,14310,9,1,1
3/21/2016,1/14/2003,SO49743,368,23993,9,1,1
3/21/2016,1/18/2003,SO49742,330,27285,6,1,1
3/22/2016,1/26/2003,SO49749,326,26754,9,1,1
3/22/2016,12/10/2002,SO49746,358,29482,7,1,1
3/22/2016,2/12/2003,SO49744,389,19188,8,1,1
3/22/2016,1/9/2003,SO49750,328,26757,9,1,1
3/22/2016,12/11/2002,SO49748,389,14380,1,1,1
3/22/2016,12/6/2002,SO49747,356,12495,8,1,1
3/22/2016,1/9/2003,SO49745,387,19448,10,1,1
3/23/2016,11/29/2002,SO49753,358,14275,9,1,1
3/23/2016,1/22/2003,SO49755,362,14305,9,1,1
3/23/2016,2/13/2003,SO49754,360,14303,9,1,1
3/23/2016,12/6/2002,SO49751,368,17966,10,1,1
3/23/2016,12/28/2002,SO49752,360,11242,7,1,1
3/23/2016,2/20/2003,SO49756,371,23658,9,1,1
3/24/2016,12/21/2002,SO49758,330,19381,7,1,1
3/24/2016,2/17/2003,SO49760,358,21423,6,1,1
3/24/2016,12/10/2002,SO49761,338,27270,6,1,1
3/24/2016,12/14/2002,SO49759,389,14379,4,1,1
3/24/2016,12/7/2002,SO49757,379,17965,10,1,1
3/25/2016,1/20/2003,SO49764,356,14236,9,1,1
3/25/2016,12/22/2002,SO49762,368,17948,10,1,1
3/25/2016,2/28/2003,SO49763,356,14277,9,1,1
3/25/2016,1/30/2003,SO49765,354,27094,4,1,1
3/26/2016,2/8/2003,SO49772,379,23661,9,1,1
3/26/2016,2/18/2003,SO49766,328,19419,7,1,1
3/26/2016,2/13/2003,SO49771,342,15570,4,1,1
3/26/2016,1/28/2003,SO49768,360,27103,1,1,1
3/26/2016,12/27/2002,SO49770,342,27298,6,1,1
3/26/2016,12/29/2002,SO49769,356,27091,1,1,1
3/26/2016,3/1/2003,SO49773,342,26750,9,1,1
3/26/2016,12/15/2002,SO49767,356,14347,9,1,1
3/27/2016,2/11/2003,SO49776,330,27297,6,1,1
3/27/2016,1/29/2003,SO49775,352,14235,9,1,1
3/27/2016,12/28/2002,SO49774,358,12648,10,1,1
3/28/2016,12/2/2002,SO49788,368,23992,9,1,1
3/28/2016,1/6/2003,SO49778,369,17198,8,1,1
3/28/2016,3/2/2003,SO49784,362,14325,9,1,1
3/28/2016,2/9/2003,SO49790,328,26758,9,1,1
3/28/2016,1/11/2003,SO49786,362,27090,4,1,1
3/28/2016,2/7/2003,SO49779,369,17209,8,1,1
3/28/2016,1/19/2003,SO49781,362,12484,8,1,1
3/28/2016,12/29/2002,SO49787,368,23656,9,1,1
3/28/2016,2/11/2003,SO49783,342,20861,8,1,1
3/28/2016,2/25/2003,SO49785,358,14667,9,1,1
3/28/2016,1/12/2003,SO49780,373,17958,10,1,1
3/28/2016,2/22/2003,SO49782,324,21018,10,1,1
3/28/2016,12/7/2002,SO49789,373,24002,9,1,1
3/29/2016,3/4/2003,SO49797,328,15568,4,1,1
3/29/2016,2/4/2003,SO49795,354,27093,4,1,1
3/29/2016,12/4/2002,SO49794,352,21349,6,1,1
3/29/2016,2/22/2003,SO49800,375,24004,9,1,1
3/29/2016,12/5/2002,SO49798,375,24159,9,1,1
3/29/2016,1/21/2003,SO49793,352,14671,9,1,1
3/29/2016,3/13/2003,SO49791,370,16261,7,1,1
3/29/2016,2/15/2003,SO49796,336,15562,1,1,1
3/29/2016,2/1/2003,SO49792,342,21012,10,1,1
3/29/2016,12/28/2002,SO49799,375,23994,9,1,1
3/30/2016,1/22/2003,SO49809,368,24160,9,1,1
3/30/2016,12/1/2002,SO49801,375,15920,7,1,1
3/30/2016,1/7/2003,SO49807,356,14346,9,1,1
3/30/2016,2/21/2003,SO49804,377,26200,6,1,1
3/30/2016,2/7/2003,SO49806,362,14304,9,1,1
3/30/2016,12/24/2002,SO49805,360,14286,9,1,1
3/30/2016,12/22/2002,SO49803,370,15931,7,1,1
3/30/2016,12/20/2002,SO49808,354,14672,9,1,1
3/30/2016,2/28/2003,SO49810,389,25052,9,1,1
3/30/2016,1/1/2003,SO49802,370,17629,8,1,1
3/31/2016,2/15/2003,SO49812,368,15677,7,1,1
3/31/2016,1/24/2003,SO49817,354,27096,1,1,1
3/31/2016,12/23/2002,SO49816,387,14374,4,1,1
3/31/2016,12/23/2002,SO49819,368,23659,9,1,1
3/31/2016,1/22/2003,SO49813,379,15700,7,1,1
3/31/2016,1/17/2003,SO49820,371,23999,9,1,1
3/31/2016,2/23/2003,SO49815,362,27089,1,1,1
3/31/2016,2/17/2003,SO49818,377,23652,9,1,1
3/31/2016,2/10/2003,SO49811,375,17892,10,1,1
3/31/2016,1/20/2003,SO49814,356,11336,7,1,1
4/1/2016,1/19/2003,SO49899,368,17873,8,1,1
4/1/2016,12/8/2002,SO49900,379,16286,7,1,1
4/1/2016,2/20/2003,SO49902,352,12501,8,1,1
4/1/2016,3/13/2003,SO49905,385,25120,9,1,1
4/1/2016,1/18/2003,SO49896,375,16388,7,1,1
4/1/2016,2/19/2003,SO49895,373,17789,8,1,1
4/1/2016,1/14/2003,SO49897,371,16392,7,1,1
4/1/2016,12/30/2002,SO49898,370,17824,8,1,1
4/1/2016,12/12/2002,SO49904,340,15882,1,1,1
4/1/2016,3/3/2003,SO49903,328,15851,1,1,1
4/1/2016,1/4/2003,SO49901,330,19427,7,1,1
4/2/2016,2/18/2003,SO49916,356,15145,9,1,1
4/2/2016,2/8/2003,SO49906,360,27193,4,1,1
4/2/2016,3/15/2003,SO49910,371,13903,4,1,1
4/2/2016,1/1/2003,SO49909,368,17981,10,1,1
4/2/2016,12/23/2002,SO49918,385,25108,9,1,1
4/2/2016,3/8/2003,SO49917,379,24177,9,1,1
4/2/2016,2/7/2003,SO49908,358,27199,1,1,1
4/2/2016,12/12/2002,SO49912,356,15185,9,1,1
4/2/2016,1/16/2003,SO49914,356,15207,9,1,1
4/2/2016,3/2/2003,SO49915,354,15143,9,1,1
4/2/2016,12/6/2002,SO49911,358,12857,10,1,1
4/2/2016,3/16/2003,SO49913,358,15192,9,1,1
4/2/2016,3/3/2003,SO49907,360,21589,6,1,1
4/3/2016,1/18/2003,SO49921,379,13911,1,1,1
4/3/2016,2/17/2003,SO49922,360,15171,9,1,1
4/3/2016,2/22/2003,SO49919,371,17796,8,1,1
4/3/2016,1/13/2003,SO49920,387,19477,10,1,1
4/3/2016,2/3/2003,SO49923,326,27338,9,1,1
4/4/2016,2/28/2003,SO49928,320,19442,7,1,1
4/4/2016,3/8/2003,SO49929,360,11346,7,1,1
4/4/2016,1/22/2003,SO49931,330,15860,1,1,1
4/4/2016,12/5/2002,SO49924,362,21595,6,1,1
4/4/2016,3/15/2003,SO49935,320,26916,9,1,1
4/4/2016,1/1/2003,SO49934,379,24266,9,1,1
4/4/2016,2/14/2003,SO49932,383,14418,1,1,1
4/4/2016,2/8/2003,SO49930,360,12854,10,1,1
4/4/2016,1/20/2003,SO49927,387,17775,7,1,1
4/4/2016,3/5/2003,SO49925,377,16391,7,1,1
4/4/2016,3/14/2003,SO49926,370,16400,7,1,1
4/4/2016,12/25/2002,SO49933,352,15169,9,1,1
4/5/2016,12/16/2002,SO49942,385,14400,4,1,1
4/5/2016,2/25/2003,SO49945,389,25119,9,1,1
4/5/2016,3/18/2003,SO49943,383,14417,1,1,1
4/5/2016,3/18/2003,SO49940,354,12859,10,1,1
4/5/2016,1/7/2003,SO49939,360,11379,7,1,1
4/5/2016,1/25/2003,SO49937,358,27251,4,1,1
4/5/2016,12/27/2002,SO49936,360,27201,1,1,1
4/5/2016,1/16/2003,SO49938,385,19274,8,1,1
4/5/2016,2/25/2003,SO49944,354,15210,9,1,1
4/5/2016,2/1/2003,SO49941,356,15022,9,1,1
4/6/2016,2/21/2003,SO49949,387,14411,1,1,1
4/6/2016,1/26/2003,SO49947,385,19471,10,1,1
4/6/2016,2/13/2003,SO49950,371,24163,9,1,1
4/6/2016,3/15/2003,SO49948,362,15015,9,1,1
4/6/2016,1/31/2003,SO49946,371,18021,10,1,1
4/7/2016,2/20/2003,SO49953,360,15213,9,1,1
4/7/2016,12/24/2002,SO49959,368,24241,9,1,1
4/7/2016,3/18/2003,SO49961,326,26921,9,1,1
4/7/2016,2/4/2003,SO49954,360,15144,9,1,1
4/7/2016,3/13/2003,SO49957,387,25114,9,1,1
4/7/2016,1/4/2003,SO49960,375,24249,9,1,1
4/7/2016,3/12/2003,SO49958,368,24167,9,1,1
4/7/2016,1/30/2003,SO49955,360,15152,9,1,1
4/7/2016,2/6/2003,SO49952,332,15840,1,1,1
4/7/2016,1/27/2003,SO49956,387,25112,9,1,1
4/7/2016,2/24/2003,SO49951,360,27231,4,1,1
4/8/2016,2/6/2003,SO49968,354,15029,9,1,1
4/8/2016,3/9/2003,SO49964,377,16394,7,1,1
4/8/2016,1/30/2003,SO49962,358,27226,1,1,1
4/8/2016,3/24/2003,SO49971,358,15208,9,1,1
4/8/2016,12/24/2002,SO49974,371,24248,9,1,1
4/8/2016,2/22/2003,SO49970,326,15769,4,1,1
4/8/2016,12/24/2002,SO49972,356,15211,9,1,1
4/8/2016,1/27/2003,SO49973,379,24173,9,1,1
4/8/2016,1/28/2003,SO49965,340,21071,10,1,1
4/8/2016,12/16/2002,SO49963,370,17847,8,1,1
4/8/2016,3/22/2003,SO49967,354,12521,8,1,1
4/8/2016,12/16/2002,SO49966,352,12856,10,1,1
4/8/2016,1/6/2003,SO49969,326,15768,4,1,1
4/9/2016,2/12/2003,SO49982,383,14406,4,1,1
4/9/2016,3/18/2003,SO49978,352,12546,8,1,1
4/9/2016,3/7/2003,SO49976,375,13906,1,1,1
4/9/2016,3/14/2003,SO49977,377,13910,1,1,1
4/9/2016,1/18/2003,SO49983,356,15179,9,1,1
4/9/2016,3/13/2003,SO49975,370,16291,7,1,1
4/9/2016,1/5/2003,SO49981,362,15032,9,1,1
4/9/2016,3/25/2003,SO49979,352,12855,10,1,1
4/9/2016,1/14/2003,SO49984,383,25115,9,1,1
4/9/2016,3/22/2003,SO49980,358,15027,9,1,1
4/10/2016,2/1/2003,SO49986,362,21582,6,1,1
4/10/2016,12/19/2002,SO49987,362,15204,9,1,1
4/10/2016,2/5/2003,SO49985,360,11339,7,1,1
4/10/2016,12/27/2002,SO49988,362,15120,9,1,1
4/10/2016,3/10/2003,SO49990,356,15180,9,1,1
4/10/2016,3/8/2003,SO49989,358,15130,9,1,1
4/11/2016,2/26/2003,SO49994,379,17799,8,1,1
4/11/2016,12/18/2002,SO49992,358,27240,1,1,1
4/11/2016,1/29/2003,SO49997,356,12736,8,1,1
4/11/2016,2/25/2003,SO49996,362,12735,8,1,1
4/11/2016,2/28/2003,SO49991,356,27211,1,1,1
4/11/2016,12/27/2002,SO49995,330,21060,10,1,1
4/11/2016,3/24/2003,SO50002,368,24170,9,1,1
4/11/2016,12/19/2002,SO49993,369,17781,8,1,1
4/11/2016,1/23/2003,SO49999,385,14392,1,1,1
4/11/2016,12/17/2002,SO49998,362,12808,10,1,1
4/11/2016,1/24/2003,SO50001,352,15183,9,1,1
4/11/2016,1/20/2003,SO50000,352,27116,1,1,1
4/12/2016,1/6/2003,SO50008,356,15122,9,1,1
4/12/2016,3/2/2003,SO50004,354,27228,1,1,1
4/12/2016,2/7/2003,SO50006,332,20896,8,1,1
4/12/2016,2/23/2003,SO50009,389,25111,9,1,1
4/12/2016,1/5/2003,SO50005,371,17848,8,1,1
4/12/2016,3/7/2003,SO50010,369,24171,9,1,1
4/12/2016,1/23/2003,SO50007,354,15181,9,1,1
4/13/2016,2/23/2003,SO50015,381,19254,8,1,1
4/13/2016,1/17/2003,SO50022,358,12712,8,1,1
4/13/2016,1/14/2003,SO50023,340,15780,4,1,1
4/13/2016,1/24/2003,SO50021,362,12839,10,1,1
4/13/2016,2/23/2003,SO50018,320,20876,8,1,1
4/13/2016,3/13/2003,SO50016,332,20870,8,1,1
4/13/2016,12/30/2002,SO50013,379,17979,10,1,1
4/13/2016,2/21/2003,SO50025,387,14386,4,1,1
4/13/2016,1/24/2003,SO50027,371,24272,9,1,1
4/13/2016,3/11/2003,SO50020,362,12738,8,1,1
4/13/2016,12/22/2002,SO50019,375,26235,6,1,1
4/13/2016,3/29/2003,SO50014,369,17833,8,1,1
4/13/2016,3/13/2003,SO50028,379,24273,9,1,1
4/13/2016,1/18/2003,SO50011,358,27232,1,1,1
4/13/2016,2/8/2003,SO50024,328,27406,6,1,1
4/13/2016,3/5/2003,SO50026,356,15205,9,1,1
4/13/2016,2/5/2003,SO50017,326,21056,10,1,1
4/13/2016,1/8/2003,SO50012,358,27255,1,1,1
4/14/2016,2/13/2003,SO50033,356,12713,8,1,1
4/14/2016,12/24/2002,SO50030,352,27234,1,1,1
4/14/2016,1/1/2003,SO50032,369,13896,1,1,1
4/14/2016,2/14/2003,SO50031,342,19421,7,1,1
4/14/2016,1/5/2003,SO50034,354,15129,9,1,1
4/14/2016,12/23/2002,SO50035,373,24270,9,1,1
4/14/2016,12/31/2002,SO50029,356,27195,4,1,1
4/15/2016,2/10/2003,SO50045,326,26924,9,1,1
4/15/2016,3/21/2003,SO50044,368,24162,9,1,1
4/15/2016,12/19/2002,SO50040,354,15043,9,1,1
4/15/2016,2/9/2003,SO50037,379,16289,7,1,1
4/15/2016,1/10/2003,SO50041,340,15841,4,1,1
4/15/2016,1/22/2003,SO50038,379,17784,8,1,1
4/15/2016,2/12/2003,SO50039,369,18000,10,1,1
4/15/2016,2/3/2003,SO50036,356,27212,4,1,1
4/15/2016,3/27/2003,SO50042,326,15770,4,1,1
4/16/2016,3/7/2003,SO50047,375,16408,7,1,1
4/16/2016,1/28/2003,SO50048,389,19197,8,1,1
4/16/2016,1/31/2003,SO50050,356,15035,9,1,1
4/16/2016,2/13/2003,SO50052,352,27206,4,1,1
4/16/2016,2/19/2003,SO50049,354,12745,10,1,1
4/16/2016,3/24/2003,SO50046,370,16404,7,1,1
4/16/2016,12/19/2002,SO50051,356,15127,9,1,1
4/17/2016,2/2/2003,SO50066,377,24242,9,1,1
4/17/2016,1/25/2003,SO50056,324,15842,1,1,1
4/17/2016,1/5/2003,SO50055,383,19479,10,1,1
4/17/2016,12/21/2002,SO50062,373,24172,9,1,1
4/17/2016,1/24/2003,SO50060,362,15151,9,1,1
4/17/2016,2/18/2003,SO50067,340,26923,9,1,1
4/17/2016,3/6/2003,SO50063,371,24175,9,1,1
4/17/2016,2/11/2003,SO50054,369,16412,7,1,1
4/17/2016,2/26/2003,SO50064,377,24271,9,1,1
4/17/2016,1/17/2003,SO50068,338,26797,9,1,1
4/17/2016,12/25/2002,SO50058,381,14414,4,1,1
4/17/2016,3/13/2003,SO50057,322,15834,1,1,1
4/17/2016,1/23/2003,SO50061,377,24166,9,1,1
4/17/2016,2/6/2003,SO50053,371,17811,8,1,1
4/17/2016,3/7/2003,SO50065,358,15044,9,1,1
4/17/2016,1/11/2003,SO50059,385,14415,4,1,1
4/18/2016,3/9/2003,SO50069,371,17972,10,1,1
4/18/2016,2/23/2003,SO50077,368,24244,9,1,1
4/18/2016,2/21/2003,SO50072,362,15036,9,1,1
4/18/2016,2/17/2003,SO50071,362,12853,10,1,1
4/18/2016,3/3/2003,SO50079,379,24252,9,1,1
4/18/2016,12/28/2002,SO50070,358,12624,8,1,1
4/18/2016,1/27/2003,SO50078,370,24251,9,1,1
4/18/2016,12/27/2002,SO50074,356,27117,1,1,1
4/18/2016,2/1/2003,SO50075,356,15170,9,1,1
4/18/2016,1/25/2003,SO50076,379,24169,9,1,1
4/18/2016,2/10/2003,SO50073,338,15862,4,1,1
4/19/2016,3/22/2003,SO50084,362,12548,8,1,1
4/19/2016,12/21/2002,SO50083,332,19446,7,1,1
4/19/2016,1/16/2003,SO50082,324,20874,8,1,1
4/19/2016,3/6/2003,SO50081,340,19434,7,1,1
4/19/2016,2/4/2003,SO50086,368,24174,9,1,1
4/19/2016,2/9/2003,SO50080,354,27239,4,1,1
4/19/2016,4/3/2003,SO50085,373,24164,9,1,1
4/20/2016,2/25/2003,SO50093,320,15781,4,1,1
4/20/2016,12/23/2002,SO50087,358,21613,6,1,1
4/20/2016,1/24/2003,SO50095,362,15178,9,1,1
4/20/2016,1/1/2003,SO50091,334,19436,7,1,1
4/20/2016,3/4/2003,SO50089,389,17778,7,1,1
4/20/2016,12/26/2002,SO50090,326,19423,7,1,1
4/20/2016,1/9/2003,SO50094,352,15184,9,1,1
4/20/2016,1/3/2003,SO50092,354,11378,7,1,1
4/20/2016,12/29/2002,SO50088,379,16393,7,1,1
4/21/2016,2/3/2003,SO50096,377,17978,10,1,1
4/21/2016,12/30/2002,SO50098,330,15843,1,1,1
4/21/2016,2/18/2003,SO50100,385,14385,1,1,1
4/21/2016,3/14/2003,SO50099,320,15852,4,1,1
4/21/2016,1/6/2003,SO50097,322,19447,7,1,1
4/22/2016,1/12/2003,SO50103,322,15827,1,1,1
4/22/2016,3/13/2003,SO50101,369,16310,7,1,1
4/22/2016,1/15/2003,SO50104,385,14394,1,1,1
4/22/2016,1/9/2003,SO50106,342,27299,9,1,1
4/22/2016,3/1/2003,SO50105,389,25113,9,1,1
4/22/2016,12/24/2002,SO50102,370,13898,1,1,1
4/23/2016,1/26/2003,SO50111,377,24250,9,1,1
4/23/2016,2/6/2003,SO50110,324,19441,7,1,1
4/23/2016,3/19/2003,SO50108,373,17974,10,1,1
4/23/2016,3/25/2003,SO50109,373,16268,7,1,1
4/23/2016,1/27/2003,SO50112,328,26917,9,1,1
4/23/2016,1/16/2003,SO50107,360,27254,1,1,1
4/24/2016,12/28/2002,SO50124,352,27114,4,1,1
4/24/2016,3/22/2003,SO50121,354,15042,9,1,1
4/24/2016,3/12/2003,SO50114,356,27256,1,1,1
4/24/2016,2/23/2003,SO50116,377,17825,8,1,1
4/24/2016,12/25/2002,SO50126,356,15135,9,1,1
4/24/2016,3/31/2003,SO50125,358,15209,9,1,1
4/24/2016,3/26/2003,SO50118,320,21044,10,1,1
4/24/2016,1/12/2003,SO50120,352,15040,9,1,1
4/24/2016,12/30/2002,SO50123,330,15778,1,1,1
